[
  { "model": "auth.user",
    "pk": 1,
    "fields": {
        "username": "admin",
        "password": "pbkdf2_sha256$100000$mtLDqAhh8TIQ$fzlnUSKxY2udez+XlL+p0l4P6rh0nLnjcIsTJpWK3cQ=",
        "is_superuser": true,
        "is_staff": true,
        "is_active": true
    }
  },
  {
    "model": "vendas.authorizationapi",
    "pk": 1,
    "fields": {
      "key_api": "8de7de0efdc6f53336c64a3a1fed1135",
      "secret_api": "92ece718c3297535d251d68d6928d3e5542511e6",
      "token": "6dd187a4f4419d6beaba8743e8d2b023a258e9d2"
    }
  },
  {
    "model": "vendas.servicosdoisminutos",
    "pk": 1,
    "fields": {
      "nome": "Instalação",
      "valor": 300.00,
      "qtd_parcelas": 6
    }
  },
  {
    "model": "vendas.servicosdoisminutos",
    "pk": 2,
    "fields": {
      "nome": "Rastreamento",
      "valor": 492.00,
      "qtd_parcelas": 12
    }
  },
  {
    "model": "vendas.servicosdoisminutos",
    "pk": 3,
    "fields": {
      "nome": "Equipamento Comodato",
      "valor": 350.00,
      "qtd_parcelas": 0
    }
  },
  {
    "model": "vendas.contasmoip",
    "pk": 1,
    "fields": {
      "tipo": 1,
      "pagador_taxa": true,
      "contamoip_id": "MPA-C7F3847FDB00",
      "login": "pagamento@doisminutos.com.br",
      "nome_completo":"Luiz Augusto Aragão de Villar Filho",
      "percentual": 100
    }
  },
  {
    "model": "vendas.configuracoesapis",
    "pk": 1,
    "fields":{

    }
  },
  {
    "model": "vendas.configuracoesapimoip",
    "pk": 1,
    "fields": {
      "configuracoes":1,
      "token": "1H7H0IFGGRFCPZCPYUSW7ZRVZVRIGSLM",
      "key": "R7RXSYRNMKQ5RNNBDDL5KPDJZVT1QPJI8YSKOBQ1",
      "contas": [1,2],
      "url_sucesso": "http://doisminutossite.pythonanywhere.com/pagamento_sucesso",
      "url_falha":"http://www.google.com.br",
      "assunto_email":"Confirmação de Pagamento - 2minutos",
      "corpo_email":"Olá, esse email é apenas para informar que o pagamento foi processado com sucesso! Em breve você receberá um email do ClickSign para proceder com a assinatura do contrato."
    }
  },
  {
    "model": "vendas.configuracoesapiclicksign",
    "pk": 1,
    "fields": {
      "configuracoes":1,
      "access_token": "2b195c2e-d570-4bbd-ba42-44e50b4e5e2a",
      "url_modelo_contrato": "/home/bruno/Documentos/Projetos/2MinutosSite/doisminutos/vendas/gerar_contrato/modelo_contrato.pdf",
      "diretorio_clicksign": "/Contratos/",
      "prazo_contrato": 5,
      "mensagem":"Você terá até 5 dias para assinar o contrato. Você será notificado por email quando o processo de assinatura do contrato for concluído.",
      "assunto_email":"Confirmação de Assinatura do Contrato - 2minutos",
      "corpo_email":"Olá, esse email é apenas para confirmar que o contrato foi assinado com sucesso. Em breve entraremos em contato para agendar a vistoria e instalação do rastreado do seu veiculo."
    }
  },
  {
    "model": "vendas.configuracoesapiusebens",
    "pk": 1,
    "fields": {
      "configuracoes":1,
      "key_api": "8de7de0efdc6f53336c64a3a1fed1135",
      "secret_api": "92ece718c3297535d251d68d6928d3e5542511e6",
      "token": "6dd187a4f4419d6beaba8743e8d2b023a258e9d2"
    }
  },
  {
    "model": "auth.group",
    "fields": {
      "name": "Operadores",
      "permissions": [
        1, 2, 3, 4, 5, 6, 7, 8, 9, 10, 11, 12, 13, 14, 15, 16, 17, 18, 19, 20, 21, 22, 23, 24, 25, 26, 27, 28, 29, 30, 31, 32, 33,
        34, 35, 36, 37, 38, 39, 43, 44, 45, 61, 62, 63, 64, 64,66]
    }
  }
]
